AAWT,Pos,AAMT,WT_SSE,WT_RSA,WT_DEPTH,WT_OSP,MT_SSE,MT_RSA,MT_DEPTH,MT_OSP,Response
A,15,C,b ,93.8 ,3.1 ,0.14 ,b ,96.1 ,3.2 ,0.14 ,-0.32203
A,15,D,b ,93.8 ,3.1 ,0.14 ,b ,97.4 ,3.3 ,0.15 ,0.0
A,15,E,b ,93.8 ,3.1 ,0.14 ,b ,87.5 ,3.3 ,0.14 ,0.22174
A,15,F,b ,93.8 ,3.1 ,0.14 ,b ,120.1 ,3.3 ,0.12 ,-0.7248
A,15,G,b ,93.8 ,3.1 ,0.14 ,b ,102.9 ,3.4 ,0.16 ,0.06506
A,15,H,b ,93.8 ,3.1 ,0.14 ,b ,85.3 ,3.4 ,0.15 ,-0.32203
A,15,I,b ,93.8 ,3.1 ,0.14 ,b ,89.6 ,3.4 ,0.15 ,0.64585
A,15,K,b ,93.8 ,3.1 ,0.14 ,b ,73.8 ,3.3 ,0.2 ,2.46244
A,15,L,b ,93.8 ,3.1 ,0.14 ,b ,86.3 ,3.4 ,0.15 ,0.13866
A,15,M,b ,93.8 ,3.1 ,0.14 ,b ,80.3 ,3.4 ,0.15 ,0.13866
A,15,N,b ,93.8 ,3.1 ,0.14 ,b ,98.2 ,3.3 ,0.15 ,-0.28471
A,15,P,b ,93.8 ,3.1 ,0.14 ,b ,74.1 ,3.4 ,0.21 ,3.06381
A,15,Q,b ,93.8 ,3.1 ,0.14 ,b ,83.7 ,3.4 ,0.15 ,0.43603
A,15,R,b ,93.8 ,3.1 ,0.14 ,b ,73.3 ,3.3 ,0.21 ,0.46175
A,15,S,b ,93.8 ,3.1 ,0.14 ,b ,97.8 ,3.2 ,0.14 ,0.06506
A,15,T,b ,93.8 ,3.1 ,0.14 ,b ,83.0 ,3.3 ,0.19 ,0.955
A,15,V,b ,93.8 ,3.1 ,0.14 ,b ,83.1 ,3.2 ,0.19 ,0.92487
A,15,W,b ,93.8 ,3.1 ,0.14 ,b ,72.9 ,3.4 ,0.2 ,-1.89737
A,15,Y,b ,93.8 ,3.1 ,0.14 ,b ,81.3 ,3.4 ,0.16 ,-0.86282
E,19,A,p ,54.4 ,3.5 ,0.26 ,p ,79.5 ,3.1 ,0.16 ,2.29936
E,19,C,p ,54.4 ,3.5 ,0.26 ,p ,67.0 ,3.3 ,0.22 ,2.68872
E,19,D,p ,54.4 ,3.5 ,0.26 ,p ,70.9 ,3.4 ,0.2 ,0.86895
E,19,F,p ,54.4 ,3.5 ,0.26 ,p ,58.0 ,3.7 ,0.23 ,3.57007
E,19,G,p ,54.4 ,3.5 ,0.26 ,p ,109.3 ,3.7 ,0.17 ,3.57007
E,19,H,p ,54.4 ,3.5 ,0.26 ,p ,59.3 ,3.6 ,0.24 ,2.05938
E,19,I,p ,54.4 ,3.5 ,0.26 ,p ,60.0 ,3.4 ,0.23 ,2.60406
E,19,K,p ,54.4 ,3.5 ,0.26 ,p ,62.4 ,3.4 ,0.2 ,3.54244
E,19,L,p ,54.4 ,3.5 ,0.26 ,p ,62.0 ,3.5 ,0.23 ,2.82738
E,19,M,p ,54.4 ,3.5 ,0.26 ,p ,59.1 ,3.4 ,0.21 ,2.65912
E,19,N,p ,54.4 ,3.5 ,0.26 ,p ,73.7 ,3.5 ,0.23 ,2.29936
E,19,P,p ,54.4 ,3.5 ,0.26 ,p ,55.9 ,3.5 ,0.24 ,2.55314
E,19,Q,p ,54.4 ,3.5 ,0.26 ,p ,62.8 ,3.5 ,0.21 ,1.31476
E,19,R,p ,54.4 ,3.5 ,0.26 ,p ,90.1 ,3.3 ,0.11 ,3.62839
E,19,S,p ,54.4 ,3.5 ,0.26 ,p ,77.3 ,3.3 ,0.2 ,2.75378
E,19,T,p ,54.4 ,3.5 ,0.26 ,p ,76.2 ,3.4 ,0.2 ,2.86713
E,19,V,p ,54.4 ,3.5 ,0.26 ,p ,69.3 ,3.3 ,0.18 ,2.40401
E,19,W,p ,54.4 ,3.5 ,0.26 ,p ,50.2 ,3.7 ,0.28 ,3.11413
E,19,Y,p ,54.4 ,3.5 ,0.26 ,p ,55.7 ,3.6 ,0.23 ,2.6304
G,32,A,a ,44.2 ,4.2 ,0.45 ,a ,46.7 ,3.2 ,0.44 ,-0.918195
G,32,C,a ,44.2 ,4.2 ,0.45 ,a ,56.1 ,3.4 ,0.38 ,2.50652
G,32,D,a ,44.2 ,4.2 ,0.45 ,a ,58.4 ,3.4 ,0.38 ,3.06381
G,32,E,a ,44.2 ,4.2 ,0.45 ,a ,33.0 ,4.0 ,0.47 ,2.57781
G,32,F,a ,44.2 ,4.2 ,0.45 ,a ,43.8 ,3.8 ,0.43 ,0.10068
G,32,H,a ,44.2 ,4.2 ,0.45 ,a ,42.4 ,3.8 ,0.41 ,-0.96926
G,32,I,a ,44.2 ,4.2 ,0.45 ,a ,50.7 ,3.5 ,0.38 ,2.33298
G,32,K,a ,44.2 ,4.2 ,0.45 ,a ,62.7 ,3.4 ,0.32 ,1.5661
G,32,L,a ,44.2 ,4.2 ,0.45 ,a ,55.4 ,3.5 ,0.37 ,1.72526
G,32,M,a ,44.2 ,4.2 ,0.45 ,a ,59.2 ,3.4 ,0.33 ,1.61277
G,32,N,a ,44.2 ,4.2 ,0.45 ,a ,65.5 ,3.4 ,0.38 ,0.93967
G,32,P,a ,44.2 ,4.2 ,0.45 ,t ,42.5 ,3.4 ,0.35 ,0.31939
G,32,Q,a ,44.2 ,4.2 ,0.45 ,a ,57.4 ,3.4 ,0.35 ,2.34908
G,32,R,a ,44.2 ,4.2 ,0.45 ,a ,61.1 ,3.4 ,0.3 ,1.71946
G,32,S,a ,44.2 ,4.2 ,0.45 ,a ,50.9 ,3.3 ,0.43 ,-0.13558
G,32,T,a ,44.2 ,4.2 ,0.45 ,a ,53.8 ,3.5 ,0.4 ,2.04619
G,32,V,a ,44.2 ,4.2 ,0.45 ,a ,50.0 ,3.5 ,0.42 ,0.637825
G,32,W,a ,44.2 ,4.2 ,0.45 ,a ,70.2 ,3.5 ,0.28 ,1.04129
G,32,Y,a ,44.2 ,4.2 ,0.45 ,a ,67.1 ,3.5 ,0.3 ,-0.96926
K,13,A,b ,39.3 ,3.6 ,0.31 ,b ,36.4 ,3.6 ,0.3 ,0.17841
K,13,C,b ,39.3 ,3.6 ,0.31 ,b ,35.1 ,3.6 ,0.34 ,0.49596
K,13,D,b ,39.3 ,3.6 ,0.31 ,b ,40.2 ,3.7 ,0.3 ,-0.50364
K,13,E,b ,39.3 ,3.6 ,0.31 ,b ,51.4 ,3.6 ,0.26 ,0.17841
K,13,F,b ,39.3 ,3.6 ,0.31 ,b ,48.4 ,3.7 ,0.31 ,1.07745
K,13,G,b ,39.3 ,3.6 ,0.31 ,b ,45.9 ,3.8 ,0.28 ,1.79596
K,13,H,b ,39.3 ,3.6 ,0.31 ,b ,48.4 ,3.7 ,0.29 ,0.13866
K,13,I,b ,39.3 ,3.6 ,0.31 ,b ,40.4 ,3.8 ,0.34 ,1.52277
K,13,L,b ,39.3 ,3.6 ,0.31 ,b ,43.7 ,3.8 ,0.32 ,0.3751
K,13,M,b ,39.3 ,3.6 ,0.31 ,b ,51.3 ,3.8 ,0.26 ,0.42003
K,13,N,b ,39.3 ,3.6 ,0.31 ,b ,48.0 ,3.7 ,0.3 ,-0.35574
K,13,P,b ,39.3 ,3.6 ,0.31 ,b ,28.1 ,3.9 ,0.36 ,2.04619
K,13,Q,b ,39.3 ,3.6 ,0.31 ,b ,56.0 ,3.6 ,0.28 ,-0.56457
K,13,R,b ,39.3 ,3.6 ,0.31 ,b ,47.2 ,3.8 ,0.27 ,-0.37231
K,13,S,b ,39.3 ,3.6 ,0.31 ,b ,33.5 ,3.6 ,0.3 ,-0.42044
K,13,T,b ,39.3 ,3.6 ,0.31 ,b ,29.7 ,3.9 ,0.38 ,0.3751
K,13,V,b ,39.3 ,3.6 ,0.31 ,b ,36.9 ,3.6 ,0.34 ,1.18448
K,13,W,b ,39.3 ,3.6 ,0.31 ,b ,42.1 ,3.7 ,0.32 ,1.00472
K,13,Y,b ,39.3 ,3.6 ,0.31 ,b ,54.7 ,3.7 ,0.27 ,1.05965
L,18,A,a ,93.9 ,3.3 ,0.08 ,a ,106.0 ,3.0 ,0.11 ,4.77875
L,18,C,a ,93.9 ,3.3 ,0.08 ,a ,107.4 ,3.0 ,0.09 ,2.60406
L,18,D,a ,93.9 ,3.3 ,0.08 ,a ,107.3 ,3.2 ,0.08 ,7.09689
L,18,E,a ,93.9 ,3.3 ,0.08 ,a ,102.6 ,3.2 ,0.08 ,6.65805
L,18,F,a ,93.9 ,3.3 ,0.08 ,a ,105.7 ,3.3 ,0.07 ,-1.47994
L,18,G,a ,93.9 ,3.3 ,0.08 ,a ,116.2 ,3.3 ,0.14 ,0.5997
L,18,H,a ,93.9 ,3.3 ,0.08 ,a ,105.8 ,3.2 ,0.07 ,2.95713
L,18,I,a ,93.9 ,3.3 ,0.08 ,a ,100.7 ,3.3 ,0.08 ,4.41398
L,18,K,a ,93.9 ,3.3 ,0.08 ,a ,97.8 ,3.2 ,0.07 ,4.30983
L,18,M,a ,93.9 ,3.3 ,0.08 ,a ,98.9 ,3.1 ,0.07 ,0.347245
L,18,N,a ,93.9 ,3.3 ,0.08 ,a ,100.2 ,3.3 ,0.09 ,3.30828
L,18,P,a ,93.9 ,3.3 ,0.08 ,a ,85.5 ,3.1 ,0.11 ,8.67408
L,18,Q,a ,93.9 ,3.3 ,0.08 ,a ,104.5 ,3.2 ,0.08 ,3.20787
L,18,R,a ,93.9 ,3.3 ,0.08 ,a ,98.6 ,3.2 ,0.06 ,3.94842
L,18,S,a ,93.9 ,3.3 ,0.08 ,t ,90.8 ,3.1 ,0.1 ,4.91443
L,18,T,a ,93.9 ,3.3 ,0.08 ,a ,99.0 ,3.1 ,0.09 ,4.41974
L,18,V,a ,93.9 ,3.3 ,0.08 ,a ,106.2 ,3.2 ,0.08 ,4.21149
L,18,W,a ,93.9 ,3.3 ,0.08 ,a ,97.9 ,3.3 ,0.07 ,-1.66639
L,18,Y,a ,93.9 ,3.3 ,0.08 ,a ,103.7 ,3.2 ,0.07 ,-2.19276
N,28,S,l ,87.9 ,3.3 ,0.2 ,l ,83.7 ,3.2 ,0.23 ,0.0
N,36,A,H ,62.1 ,3.4 ,0.35 ,H ,46.2 ,3.2 ,0.37 ,-1.34436
N,36,C,H ,62.1 ,3.4 ,0.35 ,H ,56.5 ,3.2 ,0.35 ,-0.1109
N,36,D,H ,62.1 ,3.4 ,0.35 ,H ,48.5 ,3.6 ,0.35 ,-1.02497
N,36,E,H ,62.1 ,3.4 ,0.35 ,H ,56.7 ,3.5 ,0.31 ,2.29936
N,36,F,H ,62.1 ,3.4 ,0.35 ,H ,63.0 ,3.5 ,0.31 ,2.33298
N,36,G,H ,62.1 ,3.4 ,0.35 ,H ,69.6 ,3.7 ,0.35 ,-1.37396
N,36,H,H ,62.1 ,3.4 ,0.35 ,H ,20.9 ,4.9 ,0.6 ,-0.7248
N,36,I,H ,62.1 ,3.4 ,0.35 ,H ,53.7 ,3.6 ,0.34 ,-0.0296
N,36,K,H ,62.1 ,3.4 ,0.35 ,H ,32.8 ,4.3 ,0.51 ,2.29936
N,36,L,H ,62.1 ,3.4 ,0.35 ,H ,58.6 ,3.5 ,0.33 ,0.60792
N,36,M,H ,62.1 ,3.4 ,0.35 ,H ,58.4 ,3.4 ,0.31 ,-0.2054
N,36,P,H ,62.1 ,3.4 ,0.35 ,H ,41.2 ,3.7 ,0.37 ,-1.80737
N,36,Q,H ,62.1 ,3.4 ,0.35 ,H ,61.0 ,3.4 ,0.32 ,-0.18219
N,36,R,H ,62.1 ,3.4 ,0.35 ,H ,64.8 ,3.3 ,0.27 ,1.5661
N,36,S,H ,62.1 ,3.4 ,0.35 ,H ,47.1 ,3.3 ,0.38 ,-1.45526
N,36,T,H ,62.1 ,3.4 ,0.35 ,H ,43.3 ,3.4 ,0.4 ,-1.2793
N,36,V,H ,62.1 ,3.4 ,0.35 ,H ,49.9 ,3.5 ,0.37 ,0.03238
N,36,W,H ,62.1 ,3.4 ,0.35 ,H ,65.3 ,3.4 ,0.28 ,2.14705
N,36,Y,H ,62.1 ,3.4 ,0.35 ,H ,64.4 ,3.5 ,0.29 ,2.52884
P,14,A,a ,91.6 ,3.1 ,0.07 ,a ,110.6 ,2.9 ,0.05 ,0.3751
P,14,C,a ,91.6 ,3.1 ,0.07 ,a ,115.1 ,3.0 ,0.04 ,-0.96926
P,14,D,a ,91.6 ,3.1 ,0.07 ,a ,116.9 ,3.1 ,0.04 ,-0.83898
P,14,E,a ,91.6 ,3.1 ,0.07 ,a ,108.8 ,3.2 ,0.04 ,-0.70964
P,14,F,a ,91.6 ,3.1 ,0.07 ,a ,112.5 ,3.3 ,0.02 ,-0.30307
P,14,G,a ,91.6 ,3.1 ,0.07 ,a ,128.2 ,3.2 ,0.06 ,0.62719
P,14,H,a ,91.6 ,3.1 ,0.07 ,a ,114.0 ,3.2 ,0.03 ,-0.1109
P,14,I,a ,91.6 ,3.1 ,0.07 ,a ,109.5 ,3.1 ,0.04 ,-0.50364
P,14,K,a ,91.6 ,3.1 ,0.07 ,a ,108.7 ,3.2 ,0.03 ,0.3809
P,14,L,a ,91.6 ,3.1 ,0.07 ,a ,109.3 ,3.1 ,0.03 ,-0.51694
P,14,M,a ,91.6 ,3.1 ,0.07 ,a ,105.6 ,3.1 ,0.03 ,-0.81608
P,14,N,a ,91.6 ,3.1 ,0.07 ,a ,122.5 ,3.1 ,0.04 ,-0.76866
P,14,Q,a ,91.6 ,3.1 ,0.07 ,a ,113.6 ,3.1 ,0.03 ,-0.71717
P,14,R,a ,91.6 ,3.1 ,0.07 ,a ,103.2 ,3.3 ,0.03 ,0.39235
P,14,S,a ,91.6 ,3.1 ,0.07 ,a ,114.4 ,3.0 ,0.05 ,-0.43429
P,14,T,a ,91.6 ,3.1 ,0.07 ,a ,108.4 ,3.1 ,0.06 ,-0.54167
P,14,V,a ,91.6 ,3.1 ,0.07 ,a ,115.8 ,3.1 ,0.04 ,-0.54167
P,14,W,a ,91.6 ,3.1 ,0.07 ,a ,105.0 ,3.3 ,0.07 ,-0.2054
P,14,Y,a ,91.6 ,3.1 ,0.07 ,a ,113.5 ,3.2 ,0.02 ,-0.38936
R,21,A,t ,86.5 ,3.3 ,0.17 ,t ,78.4 ,3.2 ,0.31 ,3.14541
R,21,C,t ,86.5 ,3.3 ,0.17 ,t ,81.0 ,3.2 ,0.27 ,3.48007
R,21,D,t ,86.5 ,3.3 ,0.17 ,t ,70.9 ,3.5 ,0.29 ,3.72814
R,21,E,t ,86.5 ,3.3 ,0.17 ,t ,79.5 ,3.4 ,0.2 ,3.45671
R,21,F,t ,86.5 ,3.3 ,0.17 ,t ,76.1 ,3.4 ,0.2 ,2.91046
R,21,G,t ,86.5 ,3.3 ,0.17 ,t ,87.6 ,3.7 ,0.35 ,3.43548
R,21,H,t ,86.5 ,3.3 ,0.17 ,t ,84.6 ,3.3 ,0.21 ,2.75378
R,21,I,t ,86.5 ,3.3 ,0.17 ,t ,69.7 ,3.5 ,0.25 ,2.07863
R,21,K,t ,86.5 ,3.3 ,0.17 ,t ,61.7 ,3.3 ,0.23 ,0.65314
R,21,L,t ,86.5 ,3.3 ,0.17 ,t ,81.7 ,3.3 ,0.22 ,2.7894
R,21,M,t ,86.5 ,3.3 ,0.17 ,t ,80.8 ,3.4 ,0.18 ,2.57781
R,21,N,t ,86.5 ,3.3 ,0.17 ,t ,71.3 ,3.4 ,0.29 ,3.48007
R,21,P,t ,86.5 ,3.3 ,0.17 ,b ,54.0 ,3.6 ,0.37 ,7.18355
R,21,Q,t ,86.5 ,3.3 ,0.17 ,t ,77.6 ,3.4 ,0.2 ,2.44248
R,21,S,t ,86.5 ,3.3 ,0.17 ,t ,79.7 ,3.2 ,0.3 ,3.14032
R,21,T,t ,86.5 ,3.3 ,0.17 ,t ,74.5 ,3.3 ,0.26 ,2.6304
R,21,V,t ,86.5 ,3.3 ,0.17 ,t ,72.4 ,3.3 ,0.26 ,2.03609
R,21,W,t ,86.5 ,3.3 ,0.17 ,t ,89.4 ,3.4 ,0.15 ,2.40401
R,21,Y,t ,86.5 ,3.3 ,0.17 ,t ,89.6 ,3.3 ,0.18 ,2.95713
T,17,A,p ,97.0 ,3.2 ,0.19 ,p ,92.9 ,3.1 ,0.22 ,4.176475
T,17,C,p ,97.0 ,3.2 ,0.19 ,p ,103.4 ,3.1 ,0.17 ,3.28075
T,17,D,p ,97.0 ,3.2 ,0.19 ,p ,102.6 ,3.1 ,0.16 ,6.7218
T,17,E,p ,97.0 ,3.2 ,0.19 ,p ,95.2 ,3.2 ,0.14 ,5.578435
T,17,F,p ,97.0 ,3.2 ,0.19 ,p ,81.4 ,3.4 ,0.15 ,4.17174
T,17,G,p ,97.0 ,3.2 ,0.19 ,p ,114.7 ,3.7 ,0.24 ,5.21756
T,17,H,p ,97.0 ,3.2 ,0.19 ,p ,80.7 ,3.4 ,0.17 ,3.59879
T,17,I,p ,97.0 ,3.2 ,0.19 ,p ,94.6 ,3.4 ,0.17 ,3.59879
T,17,K,p ,97.0 ,3.2 ,0.19 ,p ,66.2 ,3.2 ,0.18 ,4.03308
T,17,L,p ,97.0 ,3.2 ,0.19 ,p ,97.3 ,3.2 ,0.15 ,4.35247
T,17,M,p ,97.0 ,3.2 ,0.19 ,p ,81.5 ,3.3 ,0.15 ,3.8975
T,17,N,p ,97.0 ,3.2 ,0.19 ,p ,108.1 ,3.2 ,0.16 ,4.25482
T,17,P,p ,97.0 ,3.2 ,0.19 ,p ,77.5 ,3.2 ,0.2 ,4.17174
T,17,Q,p ,97.0 ,3.2 ,0.19 ,p ,96.5 ,3.3 ,0.16 ,3.62839
T,17,R,p ,97.0 ,3.2 ,0.19 ,p ,70.9 ,3.4 ,0.14 ,3.82768
T,17,S,p ,97.0 ,3.2 ,0.19 ,p ,95.8 ,3.2 ,0.2 ,2.31641
T,17,V,p ,97.0 ,3.2 ,0.19 ,p ,94.2 ,3.1 ,0.18 ,3.377675
T,17,W,p ,97.0 ,3.2 ,0.19 ,p ,77.5 ,3.7 ,0.18 ,4.09813
T,17,Y,p ,97.0 ,3.2 ,0.19 ,p ,79.8 ,3.4 ,0.14 ,4.40817
Y,20,A,b ,63.2 ,3.3 ,0.25 ,b ,83.8 ,3.0 ,0.18 ,2.50652
Y,20,C,b ,63.2 ,3.3 ,0.25 ,b ,73.4 ,3.2 ,0.2 ,2.50652
Y,20,D,b ,63.2 ,3.3 ,0.25 ,b ,76.1 ,3.3 ,0.2 ,6.11407
Y,20,E,b ,63.2 ,3.3 ,0.25 ,b ,77.9 ,3.2 ,0.14 ,4.94315
Y,20,F,b ,63.2 ,3.3 ,0.25 ,b ,64.1 ,3.4 ,0.22 ,0.17841
Y,20,G,b ,63.2 ,3.3 ,0.25 ,b ,83.3 ,3.4 ,0.21 ,3.12998
Y,20,H,b ,63.2 ,3.3 ,0.25 ,b ,63.9 ,3.4 ,0.21 ,1.48776
Y,20,I,b ,63.2 ,3.3 ,0.25 ,b ,82.3 ,3.3 ,0.16 ,2.07863
Y,20,K,b ,63.2 ,3.3 ,0.25 ,b ,65.0 ,3.4 ,0.18 ,3.11946
Y,20,L,b ,63.2 ,3.3 ,0.25 ,b ,72.8 ,3.3 ,0.18 ,0.67451
Y,20,M,b ,63.2 ,3.3 ,0.25 ,b ,62.8 ,3.4 ,0.19 ,1.20878
Y,20,N,b ,63.2 ,3.3 ,0.25 ,b ,77.2 ,3.3 ,0.2 ,2.95713
Y,20,P,b ,63.2 ,3.3 ,0.25 ,b ,74.7 ,3.1 ,0.17 ,8.44125
Y,20,Q,b ,63.2 ,3.3 ,0.25 ,b ,73.5 ,3.3 ,0.16 ,3.10875
Y,20,R,b ,63.2 ,3.3 ,0.25 ,b ,66.0 ,3.3 ,0.18 ,2.86713
Y,20,S,b ,63.2 ,3.3 ,0.25 ,b ,84.0 ,3.2 ,0.17 ,2.82738
Y,20,T,b ,63.2 ,3.3 ,0.25 ,b ,89.3 ,3.2 ,0.17 ,3.25608
Y,20,V,b ,63.2 ,3.3 ,0.25 ,b ,74.6 ,3.2 ,0.18 ,3.41344
Y,20,W,b ,63.2 ,3.3 ,0.25 ,b ,62.9 ,3.4 ,0.24 ,0.38666
