AAWT,Pos,AAMT,WT_SSE,WT_RSA,WT_DEPTH,WT_OSP,MT_SSE,MT_RSA,MT_DEPTH,MT_OSP,DDG,Outcome
A,15,C,b ,93.8 ,3.1 ,0.14 ,b ,96.1 ,3.2 ,0.14 ,0.77 ,Increased stability 
A,15,D,b ,93.8 ,3.1 ,0.14 ,b ,97.4 ,3.3 ,0.15 ,-0.78 ,Reduced stability 
A,15,E,b ,93.8 ,3.1 ,0.14 ,b ,87.5 ,3.3 ,0.14 ,-0.23 ,Reduced stability 
A,15,F,b ,93.8 ,3.1 ,0.14 ,b ,120.1 ,3.3 ,0.12 ,0.45 ,Increased stability 
A,15,G,b ,93.8 ,3.1 ,0.14 ,b ,102.9 ,3.4 ,0.16 ,0.68 ,Increased stability 
A,15,H,b ,93.8 ,3.1 ,0.14 ,b ,85.3 ,3.4 ,0.15 ,0.4 ,Increased stability 
A,15,I,b ,93.8 ,3.1 ,0.14 ,b ,89.6 ,3.4 ,0.15 ,1.23 ,Increased stability 
A,15,K,b ,93.8 ,3.1 ,0.14 ,b ,73.8 ,3.3 ,0.2 ,-0.14 ,Reduced stability 
A,15,L,b ,93.8 ,3.1 ,0.14 ,b ,86.3 ,3.4 ,0.15 ,0.53 ,Increased stability 
A,15,M,b ,93.8 ,3.1 ,0.14 ,b ,80.3 ,3.4 ,0.15 ,0.14 ,Increased stability 
A,15,N,b ,93.8 ,3.1 ,0.14 ,b ,98.2 ,3.3 ,0.15 ,-0.58 ,Reduced stability 
A,15,P,b ,93.8 ,3.1 ,0.14 ,b ,74.1 ,3.4 ,0.21 ,-2.59 ,Reduced stability 
A,15,Q,b ,93.8 ,3.1 ,0.14 ,b ,83.7 ,3.4 ,0.15 ,-0.26 ,Reduced stability 
A,15,R,b ,93.8 ,3.1 ,0.14 ,b ,73.3 ,3.3 ,0.21 ,0.03 ,Increased stability 
A,15,S,b ,93.8 ,3.1 ,0.14 ,b ,97.8 ,3.2 ,0.14 ,-0.14 ,Reduced stability 
A,15,T,b ,93.8 ,3.1 ,0.14 ,b ,83.0 ,3.3 ,0.19 ,0.13 ,Increased stability 
A,15,V,b ,93.8 ,3.1 ,0.14 ,b ,83.1 ,3.2 ,0.19 ,1.16 ,Increased stability 
A,15,W,b ,93.8 ,3.1 ,0.14 ,b ,72.9 ,3.4 ,0.2 ,0.25 ,Increased stability 
A,15,Y,b ,93.8 ,3.1 ,0.14 ,b ,81.3 ,3.4 ,0.16 ,0.52 ,Increased stability 
E,19,A,p ,54.4 ,3.5 ,0.26 ,p ,79.5 ,3.1 ,0.16 ,0.54 ,Increased stability 
E,19,C,p ,54.4 ,3.5 ,0.26 ,p ,67.0 ,3.3 ,0.22 ,-0.01 ,Reduced stability 
E,19,D,p ,54.4 ,3.5 ,0.26 ,p ,70.9 ,3.4 ,0.2 ,-0.7 ,Reduced stability 
E,19,F,p ,54.4 ,3.5 ,0.26 ,p ,58.0 ,3.7 ,0.23 ,0.08 ,Increased stability 
E,19,G,p ,54.4 ,3.5 ,0.26 ,p ,109.3 ,3.7 ,0.17 ,0.43 ,Increased stability 
E,19,H,p ,54.4 ,3.5 ,0.26 ,p ,59.3 ,3.6 ,0.24 ,0.43 ,Increased stability 
E,19,I,p ,54.4 ,3.5 ,0.26 ,p ,60.0 ,3.4 ,0.23 ,0.65 ,Increased stability 
E,19,K,p ,54.4 ,3.5 ,0.26 ,p ,62.4 ,3.4 ,0.2 ,-0.35 ,Reduced stability 
E,19,L,p ,54.4 ,3.5 ,0.26 ,p ,62.0 ,3.5 ,0.23 ,0.65 ,Increased stability 
E,19,M,p ,54.4 ,3.5 ,0.26 ,p ,59.1 ,3.4 ,0.21 ,0.34 ,Increased stability 
E,19,N,p ,54.4 ,3.5 ,0.26 ,p ,73.7 ,3.5 ,0.23 ,-0.71 ,Reduced stability 
E,19,P,p ,54.4 ,3.5 ,0.26 ,p ,55.9 ,3.5 ,0.24 ,-0.08 ,Reduced stability 
E,19,Q,p ,54.4 ,3.5 ,0.26 ,p ,62.8 ,3.5 ,0.21 ,-0.12 ,Reduced stability 
E,19,R,p ,54.4 ,3.5 ,0.26 ,p ,90.1 ,3.3 ,0.11 ,0.03 ,Increased stability 
E,19,S,p ,54.4 ,3.5 ,0.26 ,p ,77.3 ,3.3 ,0.2 ,-0.48 ,Reduced stability 
E,19,T,p ,54.4 ,3.5 ,0.26 ,p ,76.2 ,3.4 ,0.2 ,-0.48 ,Reduced stability 
E,19,V,p ,54.4 ,3.5 ,0.26 ,p ,69.3 ,3.3 ,0.18 ,0.53 ,Increased stability 
E,19,W,p ,54.4 ,3.5 ,0.26 ,p ,50.2 ,3.7 ,0.28 ,0.37 ,Increased stability 
E,19,Y,p ,54.4 ,3.5 ,0.26 ,p ,55.7 ,3.6 ,0.23 ,0.35 ,Increased stability 
G,32,A,a ,44.2 ,4.2 ,0.45 ,a ,46.7 ,3.2 ,0.44 ,0.43 ,Increased stability 
G,32,C,a ,44.2 ,4.2 ,0.45 ,a ,56.1 ,3.4 ,0.38 ,0.56 ,Increased stability 
G,32,D,a ,44.2 ,4.2 ,0.45 ,a ,58.4 ,3.4 ,0.38 ,0.68 ,Increased stability 
G,32,E,a ,44.2 ,4.2 ,0.45 ,a ,33.0 ,4.0 ,0.47 ,0.54 ,Increased stability 
G,32,F,a ,44.2 ,4.2 ,0.45 ,a ,43.8 ,3.8 ,0.43 ,0.36 ,Increased stability 
G,32,H,a ,44.2 ,4.2 ,0.45 ,a ,42.4 ,3.8 ,0.41 ,1.0 ,Increased stability 
G,32,I,a ,44.2 ,4.2 ,0.45 ,a ,50.7 ,3.5 ,0.38 ,0.08 ,Increased stability 
G,32,K,a ,44.2 ,4.2 ,0.45 ,a ,62.7 ,3.4 ,0.32 ,0.2 ,Increased stability 
G,32,L,a ,44.2 ,4.2 ,0.45 ,a ,55.4 ,3.5 ,0.37 ,0.66 ,Increased stability 
G,32,M,a ,44.2 ,4.2 ,0.45 ,a ,59.2 ,3.4 ,0.33 ,0.3 ,Increased stability 
G,32,N,a ,44.2 ,4.2 ,0.45 ,a ,65.5 ,3.4 ,0.38 ,0.2 ,Increased stability 
G,32,P,a ,44.2 ,4.2 ,0.45 ,t ,42.5 ,3.4 ,0.35 ,-0.15 ,Reduced stability 
G,32,Q,a ,44.2 ,4.2 ,0.45 ,a ,57.4 ,3.4 ,0.35 ,0.47 ,Increased stability 
G,32,R,a ,44.2 ,4.2 ,0.45 ,a ,61.1 ,3.4 ,0.3 ,0.35 ,Increased stability 
G,32,S,a ,44.2 ,4.2 ,0.45 ,a ,50.9 ,3.3 ,0.43 ,-0.16 ,Reduced stability 
G,32,T,a ,44.2 ,4.2 ,0.45 ,a ,53.8 ,3.5 ,0.4 ,0.61 ,Increased stability 
G,32,V,a ,44.2 ,4.2 ,0.45 ,a ,50.0 ,3.5 ,0.42 ,0.31 ,Increased stability 
G,32,W,a ,44.2 ,4.2 ,0.45 ,a ,70.2 ,3.5 ,0.28 ,0.43 ,Increased stability 
G,32,Y,a ,44.2 ,4.2 ,0.45 ,a ,67.1 ,3.5 ,0.3 ,0.24 ,Increased stability 
K,13,A,b ,39.3 ,3.6 ,0.31 ,b ,36.4 ,3.6 ,0.3 ,0.15 ,Increased stability 
K,13,C,b ,39.3 ,3.6 ,0.31 ,b ,35.1 ,3.6 ,0.34 ,0.29 ,Increased stability 
K,13,D,b ,39.3 ,3.6 ,0.31 ,b ,40.2 ,3.7 ,0.3 ,-0.5 ,Reduced stability 
K,13,E,b ,39.3 ,3.6 ,0.31 ,b ,51.4 ,3.6 ,0.26 ,-0.26 ,Reduced stability 
K,13,F,b ,39.3 ,3.6 ,0.31 ,b ,48.4 ,3.7 ,0.31 ,0.29 ,Increased stability 
K,13,G,b ,39.3 ,3.6 ,0.31 ,b ,45.9 ,3.8 ,0.28 ,0.37 ,Increased stability 
K,13,H,b ,39.3 ,3.6 ,0.31 ,b ,48.4 ,3.7 ,0.29 ,0.46 ,Increased stability 
K,13,I,b ,39.3 ,3.6 ,0.31 ,b ,40.4 ,3.8 ,0.34 ,0.85 ,Increased stability 
K,13,L,b ,39.3 ,3.6 ,0.31 ,b ,43.7 ,3.8 ,0.32 ,0.38 ,Increased stability 
K,13,M,b ,39.3 ,3.6 ,0.31 ,b ,51.3 ,3.8 ,0.26 ,0.16 ,Increased stability 
K,13,N,b ,39.3 ,3.6 ,0.31 ,b ,48.0 ,3.7 ,0.3 ,-0.18 ,Reduced stability 
K,13,P,b ,39.3 ,3.6 ,0.31 ,b ,28.1 ,3.9 ,0.36 ,-2.23 ,Reduced stability 
K,13,Q,b ,39.3 ,3.6 ,0.31 ,b ,56.0 ,3.6 ,0.28 ,0.08 ,Increased stability 
K,13,R,b ,39.3 ,3.6 ,0.31 ,b ,47.2 ,3.8 ,0.27 ,0.05 ,Increased stability 
K,13,S,b ,39.3 ,3.6 ,0.31 ,b ,33.5 ,3.6 ,0.3 ,-0.24 ,Reduced stability 
K,13,T,b ,39.3 ,3.6 ,0.31 ,b ,29.7 ,3.9 ,0.38 ,0.01 ,Increased stability 
K,13,V,b ,39.3 ,3.6 ,0.31 ,b ,36.9 ,3.6 ,0.34 ,0.85 ,Increased stability 
K,13,W,b ,39.3 ,3.6 ,0.31 ,b ,42.1 ,3.7 ,0.32 ,0.18 ,Increased stability 
K,13,Y,b ,39.3 ,3.6 ,0.31 ,b ,54.7 ,3.7 ,0.27 ,0.55 ,Increased stability 
L,18,A,a ,93.9 ,3.3 ,0.08 ,a ,106.0 ,3.0 ,0.11 ,-0.27 ,Reduced stability 
L,18,C,a ,93.9 ,3.3 ,0.08 ,a ,107.4 ,3.0 ,0.09 ,-0.21 ,Reduced stability 
L,18,D,a ,93.9 ,3.3 ,0.08 ,a ,107.3 ,3.2 ,0.08 ,-0.31 ,Reduced stability 
L,18,E,a ,93.9 ,3.3 ,0.08 ,a ,102.6 ,3.2 ,0.08 ,-0.32 ,Reduced stability 
L,18,F,a ,93.9 ,3.3 ,0.08 ,a ,105.7 ,3.3 ,0.07 ,-0.09 ,Reduced stability 
L,18,G,a ,93.9 ,3.3 ,0.08 ,a ,116.2 ,3.3 ,0.14 ,-0.65 ,Reduced stability 
L,18,H,a ,93.9 ,3.3 ,0.08 ,a ,105.8 ,3.2 ,0.07 ,-0.06 ,Reduced stability 
L,18,I,a ,93.9 ,3.3 ,0.08 ,a ,100.7 ,3.3 ,0.08 ,-0.5 ,Reduced stability 
L,18,K,a ,93.9 ,3.3 ,0.08 ,a ,97.8 ,3.2 ,0.07 ,-0.45 ,Reduced stability 
L,18,M,a ,93.9 ,3.3 ,0.08 ,a ,98.9 ,3.1 ,0.07 ,-0.33 ,Reduced stability 
L,18,N,a ,93.9 ,3.3 ,0.08 ,a ,100.2 ,3.3 ,0.09 ,-0.24 ,Reduced stability 
L,18,P,a ,93.9 ,3.3 ,0.08 ,a ,85.5 ,3.1 ,0.11 ,-0.78 ,Reduced stability 
L,18,Q,a ,93.9 ,3.3 ,0.08 ,a ,104.5 ,3.2 ,0.08 ,-0.55 ,Reduced stability 
L,18,R,a ,93.9 ,3.3 ,0.08 ,a ,98.6 ,3.2 ,0.06 ,-0.38 ,Reduced stability 
L,18,S,a ,93.9 ,3.3 ,0.08 ,t ,90.8 ,3.1 ,0.1 ,-0.81 ,Reduced stability 
L,18,T,a ,93.9 ,3.3 ,0.08 ,a ,99.0 ,3.1 ,0.09 ,-0.49 ,Reduced stability 
L,18,V,a ,93.9 ,3.3 ,0.08 ,a ,106.2 ,3.2 ,0.08 ,-0.46 ,Reduced stability 
L,18,W,a ,93.9 ,3.3 ,0.08 ,a ,97.9 ,3.3 ,0.07 ,-0.08 ,Reduced stability 
L,18,Y,a ,93.9 ,3.3 ,0.08 ,a ,103.7 ,3.2 ,0.07 ,-0.3 ,Reduced stability 
N,28,S,l ,87.9 ,3.3 ,0.2 ,l ,83.7 ,3.2 ,0.23 ,-1.46 ,Reduced stability 
N,36,A,H ,62.1 ,3.4 ,0.35 ,H ,46.2 ,3.2 ,0.37 ,0.86 ,Increased stability 
N,36,C,H ,62.1 ,3.4 ,0.35 ,H ,56.5 ,3.2 ,0.35 ,0.33 ,Increased stability 
N,36,D,H ,62.1 ,3.4 ,0.35 ,H ,48.5 ,3.6 ,0.35 ,0.46 ,Increased stability 
N,36,E,H ,62.1 ,3.4 ,0.35 ,H ,56.7 ,3.5 ,0.31 ,0.67 ,Increased stability 
N,36,F,H ,62.1 ,3.4 ,0.35 ,H ,63.0 ,3.5 ,0.31 ,0.08 ,Increased stability 
N,36,G,H ,62.1 ,3.4 ,0.35 ,H ,69.6 ,3.7 ,0.35 ,-0.26 ,Reduced stability 
N,36,H,H ,62.1 ,3.4 ,0.35 ,H ,20.9 ,4.9 ,0.6 ,0.84 ,Increased stability 
N,36,I,H ,62.1 ,3.4 ,0.35 ,H ,53.7 ,3.6 ,0.34 ,0.47 ,Increased stability 
N,36,K,H ,62.1 ,3.4 ,0.35 ,H ,32.8 ,4.3 ,0.51 ,0.43 ,Increased stability 
N,36,L,H ,62.1 ,3.4 ,0.35 ,H ,58.6 ,3.5 ,0.33 ,0.87 ,Increased stability 
N,36,M,H ,62.1 ,3.4 ,0.35 ,H ,58.4 ,3.4 ,0.31 ,0.53 ,Increased stability 
N,36,P,H ,62.1 ,3.4 ,0.35 ,H ,41.2 ,3.7 ,0.37 ,-1.33 ,Reduced stability 
N,36,Q,H ,62.1 ,3.4 ,0.35 ,H ,61.0 ,3.4 ,0.32 ,0.88 ,Increased stability 
N,36,R,H ,62.1 ,3.4 ,0.35 ,H ,64.8 ,3.3 ,0.27 ,0.17 ,Increased stability 
N,36,S,H ,62.1 ,3.4 ,0.35 ,H ,47.1 ,3.3 ,0.38 ,-0.48 ,Reduced stability 
N,36,T,H ,62.1 ,3.4 ,0.35 ,H ,43.3 ,3.4 ,0.4 ,-0.38 ,Reduced stability 
N,36,V,H ,62.1 ,3.4 ,0.35 ,H ,49.9 ,3.5 ,0.37 ,0.33 ,Increased stability 
N,36,W,H ,62.1 ,3.4 ,0.35 ,H ,65.3 ,3.4 ,0.28 ,0.17 ,Increased stability 
N,36,Y,H ,62.1 ,3.4 ,0.35 ,H ,64.4 ,3.5 ,0.29 ,0.46 ,Increased stability 
P,14,A,a ,91.6 ,3.1 ,0.07 ,a ,110.6 ,2.9 ,0.05 ,0.67 ,Increased stability 
P,14,C,a ,91.6 ,3.1 ,0.07 ,a ,115.1 ,3.0 ,0.04 ,0.51 ,Increased stability 
P,14,D,a ,91.6 ,3.1 ,0.07 ,a ,116.9 ,3.1 ,0.04 ,0.43 ,Increased stability 
P,14,E,a ,91.6 ,3.1 ,0.07 ,a ,108.8 ,3.2 ,0.04 ,0.45 ,Increased stability 
P,14,F,a ,91.6 ,3.1 ,0.07 ,a ,112.5 ,3.3 ,0.02 ,0.69 ,Increased stability 
P,14,G,a ,91.6 ,3.1 ,0.07 ,a ,128.2 ,3.2 ,0.06 ,0.27 ,Increased stability 
P,14,H,a ,91.6 ,3.1 ,0.07 ,a ,114.0 ,3.2 ,0.03 ,0.76 ,Increased stability 
P,14,I,a ,91.6 ,3.1 ,0.07 ,a ,109.5 ,3.1 ,0.04 ,0.5 ,Increased stability 
P,14,K,a ,91.6 ,3.1 ,0.07 ,a ,108.7 ,3.2 ,0.03 ,0.41 ,Increased stability 
P,14,L,a ,91.6 ,3.1 ,0.07 ,a ,109.3 ,3.1 ,0.03 ,0.78 ,Increased stability 
P,14,M,a ,91.6 ,3.1 ,0.07 ,a ,105.6 ,3.1 ,0.03 ,0.59 ,Increased stability 
P,14,N,a ,91.6 ,3.1 ,0.07 ,a ,122.5 ,3.1 ,0.04 ,0.52 ,Increased stability 
P,14,Q,a ,91.6 ,3.1 ,0.07 ,a ,113.6 ,3.1 ,0.03 ,0.48 ,Increased stability 
P,14,R,a ,91.6 ,3.1 ,0.07 ,a ,103.2 ,3.3 ,0.03 ,0.43 ,Increased stability 
P,14,S,a ,91.6 ,3.1 ,0.07 ,a ,114.4 ,3.0 ,0.05 ,0.1 ,Increased stability 
P,14,T,a ,91.6 ,3.1 ,0.07 ,a ,108.4 ,3.1 ,0.06 ,0.25 ,Increased stability 
P,14,V,a ,91.6 ,3.1 ,0.07 ,a ,115.8 ,3.1 ,0.04 ,0.62 ,Increased stability 
P,14,W,a ,91.6 ,3.1 ,0.07 ,a ,105.0 ,3.3 ,0.07 ,0.68 ,Increased stability 
P,14,Y,a ,91.6 ,3.1 ,0.07 ,a ,113.5 ,3.2 ,0.02 ,0.66 ,Increased stability 
R,21,A,t ,86.5 ,3.3 ,0.17 ,t ,78.4 ,3.2 ,0.31 ,0.38 ,Increased stability 
R,21,C,t ,86.5 ,3.3 ,0.17 ,t ,81.0 ,3.2 ,0.27 ,-0.23 ,Reduced stability 
R,21,D,t ,86.5 ,3.3 ,0.17 ,t ,70.9 ,3.5 ,0.29 ,-0.15 ,Reduced stability 
R,21,E,t ,86.5 ,3.3 ,0.17 ,t ,79.5 ,3.4 ,0.2 ,-0.04 ,Reduced stability 
R,21,F,t ,86.5 ,3.3 ,0.17 ,t ,76.1 ,3.4 ,0.2 ,0.36 ,Increased stability 
R,21,G,t ,86.5 ,3.3 ,0.17 ,t ,87.6 ,3.7 ,0.35 ,0.32 ,Increased stability 
R,21,H,t ,86.5 ,3.3 ,0.17 ,t ,84.6 ,3.3 ,0.21 ,0.13 ,Increased stability 
R,21,I,t ,86.5 ,3.3 ,0.17 ,t ,69.7 ,3.5 ,0.25 ,0.67 ,Increased stability 
R,21,K,t ,86.5 ,3.3 ,0.17 ,t ,61.7 ,3.3 ,0.23 ,-0.51 ,Reduced stability 
R,21,L,t ,86.5 ,3.3 ,0.17 ,t ,81.7 ,3.3 ,0.22 ,0.83 ,Increased stability 
R,21,M,t ,86.5 ,3.3 ,0.17 ,t ,80.8 ,3.4 ,0.18 ,0.19 ,Increased stability 
R,21,N,t ,86.5 ,3.3 ,0.17 ,t ,71.3 ,3.4 ,0.29 ,-0.03 ,Reduced stability 
R,21,P,t ,86.5 ,3.3 ,0.17 ,b ,54.0 ,3.6 ,0.37 ,-1.29 ,Reduced stability 
R,21,Q,t ,86.5 ,3.3 ,0.17 ,t ,77.6 ,3.4 ,0.2 ,-0.13 ,Reduced stability 
R,21,S,t ,86.5 ,3.3 ,0.17 ,t ,79.7 ,3.2 ,0.3 ,-0.74 ,Reduced stability 
R,21,T,t ,86.5 ,3.3 ,0.17 ,t ,74.5 ,3.3 ,0.26 ,-0.47 ,Reduced stability 
R,21,V,t ,86.5 ,3.3 ,0.17 ,t ,72.4 ,3.3 ,0.26 ,0.72 ,Increased stability 
R,21,W,t ,86.5 ,3.3 ,0.17 ,t ,89.4 ,3.4 ,0.15 ,0.24 ,Increased stability 
R,21,Y,t ,86.5 ,3.3 ,0.17 ,t ,89.6 ,3.3 ,0.18 ,0.21 ,Increased stability 
T,17,A,p ,97.0 ,3.2 ,0.19 ,p ,92.9 ,3.1 ,0.22 ,0.6 ,Increased stability 
T,17,C,p ,97.0 ,3.2 ,0.19 ,p ,103.4 ,3.1 ,0.17 ,0.39 ,Increased stability 
T,17,D,p ,97.0 ,3.2 ,0.19 ,p ,102.6 ,3.1 ,0.16 ,-0.5 ,Reduced stability 
T,17,E,p ,97.0 ,3.2 ,0.19 ,p ,95.2 ,3.2 ,0.14 ,-0.15 ,Reduced stability 
T,17,F,p ,97.0 ,3.2 ,0.19 ,p ,81.4 ,3.4 ,0.15 ,0.12 ,Increased stability 
T,17,G,p ,97.0 ,3.2 ,0.19 ,p ,114.7 ,3.7 ,0.24 ,0.28 ,Increased stability 
T,17,H,p ,97.0 ,3.2 ,0.19 ,p ,80.7 ,3.4 ,0.17 ,0.63 ,Increased stability 
T,17,I,p ,97.0 ,3.2 ,0.19 ,p ,94.6 ,3.4 ,0.17 ,0.72 ,Increased stability 
T,17,K,p ,97.0 ,3.2 ,0.19 ,p ,66.2 ,3.2 ,0.18 ,-0.19 ,Reduced stability 
T,17,L,p ,97.0 ,3.2 ,0.19 ,p ,97.3 ,3.2 ,0.15 ,0.76 ,Increased stability 
T,17,M,p ,97.0 ,3.2 ,0.19 ,p ,81.5 ,3.3 ,0.15 ,0.33 ,Increased stability 
T,17,N,p ,97.0 ,3.2 ,0.19 ,p ,108.1 ,3.2 ,0.16 ,-0.43 ,Reduced stability 
T,17,P,p ,97.0 ,3.2 ,0.19 ,p ,77.5 ,3.2 ,0.2 ,0.17 ,Increased stability 
T,17,Q,p ,97.0 ,3.2 ,0.19 ,p ,96.5 ,3.3 ,0.16 ,0.12 ,Increased stability 
T,17,R,p ,97.0 ,3.2 ,0.19 ,p ,70.9 ,3.4 ,0.14 ,0.17 ,Increased stability 
T,17,S,p ,97.0 ,3.2 ,0.19 ,p ,95.8 ,3.2 ,0.2 ,0.01 ,Increased stability 
T,17,V,p ,97.0 ,3.2 ,0.19 ,p ,94.2 ,3.1 ,0.18 ,0.62 ,Increased stability 
T,17,W,p ,97.0 ,3.2 ,0.19 ,p ,77.5 ,3.7 ,0.18 ,0.2 ,Increased stability 
T,17,Y,p ,97.0 ,3.2 ,0.19 ,p ,79.8 ,3.4 ,0.14 ,0.37 ,Increased stability 
Y,20,A,b ,63.2 ,3.3 ,0.25 ,b ,83.8 ,3.0 ,0.18 ,-0.51 ,Reduced stability 
Y,20,C,b ,63.2 ,3.3 ,0.25 ,b ,73.4 ,3.2 ,0.2 ,-0.03 ,Reduced stability 
Y,20,D,b ,63.2 ,3.3 ,0.25 ,b ,76.1 ,3.3 ,0.2 ,-1.03 ,Reduced stability 
Y,20,E,b ,63.2 ,3.3 ,0.25 ,b ,77.9 ,3.2 ,0.14 ,-0.76 ,Reduced stability 
Y,20,F,b ,63.2 ,3.3 ,0.25 ,b ,64.1 ,3.4 ,0.22 ,-0.25 ,Reduced stability 
Y,20,G,b ,63.2 ,3.3 ,0.25 ,b ,83.3 ,3.4 ,0.21 ,-0.01 ,Reduced stability 
Y,20,H,b ,63.2 ,3.3 ,0.25 ,b ,63.9 ,3.4 ,0.21 ,-0.29 ,Reduced stability 
Y,20,I,b ,63.2 ,3.3 ,0.25 ,b ,82.3 ,3.3 ,0.16 ,0.32 ,Increased stability 
Y,20,K,b ,63.2 ,3.3 ,0.25 ,b ,65.0 ,3.4 ,0.18 ,-0.55 ,Reduced stability 
Y,20,L,b ,63.2 ,3.3 ,0.25 ,b ,72.8 ,3.3 ,0.18 ,-0.2 ,Reduced stability 
Y,20,M,b ,63.2 ,3.3 ,0.25 ,b ,62.8 ,3.4 ,0.19 ,-0.34 ,Reduced stability 
Y,20,N,b ,63.2 ,3.3 ,0.25 ,b ,77.2 ,3.3 ,0.2 ,-0.94 ,Reduced stability 
Y,20,P,b ,63.2 ,3.3 ,0.25 ,b ,74.7 ,3.1 ,0.17 ,-2.47 ,Reduced stability 
Y,20,Q,b ,63.2 ,3.3 ,0.25 ,b ,73.5 ,3.3 ,0.16 ,-0.74 ,Reduced stability 
Y,20,R,b ,63.2 ,3.3 ,0.25 ,b ,66.0 ,3.3 ,0.18 ,-0.46 ,Reduced stability 
Y,20,S,b ,63.2 ,3.3 ,0.25 ,b ,84.0 ,3.2 ,0.17 ,-0.77 ,Reduced stability 
Y,20,T,b ,63.2 ,3.3 ,0.25 ,b ,89.3 ,3.2 ,0.17 ,-0.62 ,Reduced stability 
Y,20,V,b ,63.2 ,3.3 ,0.25 ,b ,74.6 ,3.2 ,0.18 ,0.38 ,Increased stability 
Y,20,W,b ,63.2 ,3.3 ,0.25 ,b ,62.9 ,3.4 ,0.24 ,-0.12 ,Reduced stability 
